,training_points,PVP 0 roberta neutral verbalizer seed 1 - _step,PVP 0 roberta neutral verbalizer seed 1 - _step__MIN,PVP 0 roberta neutral verbalizer seed 1 - _step__MAX,PVP 0 roberta neutral verbalizer seed 1 - test-acc-all-p,PVP 0 roberta neutral verbalizer seed 1 - test-acc-all-p__MIN,PVP 0 roberta neutral verbalizer seed 1 - test-acc-all-p__MAX,PVP 5 roberta seed 0 - _step,PVP 5 roberta seed 0 - _step__MIN,PVP 5 roberta seed 0 - _step__MAX,PVP 5 roberta seed 0 - test-acc-all-p,PVP 5 roberta seed 0 - test-acc-all-p__MIN,PVP 5 roberta seed 0 - test-acc-all-p__MAX,CLF roberta seed 2 - _step,CLF roberta seed 2 - _step__MIN,CLF roberta seed 2 - _step__MAX,CLF roberta seed 2 - test-acc-all-p,CLF roberta seed 2 - test-acc-all-p__MIN,CLF roberta seed 2 - test-acc-all-p__MAX,PVP 3 roberta seed 2 - _step,PVP 3 roberta seed 2 - _step__MIN,PVP 3 roberta seed 2 - _step__MAX,PVP 3 roberta seed 2 - test-acc-all-p,PVP 3 roberta seed 2 - test-acc-all-p__MIN,PVP 3 roberta seed 2 - test-acc-all-p__MAX,PVP 5 roberta seed 2 - _step,PVP 5 roberta seed 2 - _step__MIN,PVP 5 roberta seed 2 - _step__MAX,PVP 5 roberta seed 2 - test-acc-all-p,PVP 5 roberta seed 2 - test-acc-all-p__MIN,PVP 5 roberta seed 2 - test-acc-all-p__MAX,PVP 0 roberta seed 1 - _step,PVP 0 roberta seed 1 - _step__MIN,PVP 0 roberta seed 1 - _step__MAX,PVP 0 roberta seed 1 - test-acc-all-p,PVP 0 roberta seed 1 - test-acc-all-p__MIN,PVP 0 roberta seed 1 - test-acc-all-p__MAX,PVP 0 roberta seed 2 - _step,PVP 0 roberta seed 2 - _step__MIN,PVP 0 roberta seed 2 - _step__MAX,PVP 0 roberta seed 2 - test-acc-all-p,PVP 0 roberta seed 2 - test-acc-all-p__MIN,PVP 0 roberta seed 2 - test-acc-all-p__MAX,PVP 3 roberta seed 0 - _step,PVP 3 roberta seed 0 - _step__MIN,PVP 3 roberta seed 0 - _step__MAX,PVP 3 roberta seed 0 - test-acc-all-p,PVP 3 roberta seed 0 - test-acc-all-p__MIN,PVP 3 roberta seed 0 - test-acc-all-p__MAX,PVP 0 roberta neutral verbalizer seed 2 - _step,PVP 0 roberta neutral verbalizer seed 2 - _step__MIN,PVP 0 roberta neutral verbalizer seed 2 - _step__MAX,PVP 0 roberta neutral verbalizer seed 2 - test-acc-all-p,PVP 0 roberta neutral verbalizer seed 2 - test-acc-all-p__MIN,PVP 0 roberta neutral verbalizer seed 2 - test-acc-all-p__MAX,PVP 0 roberta seed 0 - _step,PVP 0 roberta seed 0 - _step__MIN,PVP 0 roberta seed 0 - _step__MAX,PVP 0 roberta seed 0 - test-acc-all-p,PVP 0 roberta seed 0 - test-acc-all-p__MIN,PVP 0 roberta seed 0 - test-acc-all-p__MAX,PVP 3 roberta seed 1 - _step,PVP 3 roberta seed 1 - _step__MIN,PVP 3 roberta seed 1 - _step__MAX,PVP 3 roberta seed 1 - test-acc-all-p,PVP 3 roberta seed 1 - test-acc-all-p__MIN,PVP 3 roberta seed 1 - test-acc-all-p__MAX,PVP 5 roberta seed 1 - _step,PVP 5 roberta seed 1 - _step__MIN,PVP 5 roberta seed 1 - _step__MAX,PVP 5 roberta seed 1 - test-acc-all-p,PVP 5 roberta seed 1 - test-acc-all-p__MIN,PVP 5 roberta seed 1 - test-acc-all-p__MAX,PVP 0 roberta neutral verbalizer seed 0 - _step,PVP 0 roberta neutral verbalizer seed 0 - _step__MIN,PVP 0 roberta neutral verbalizer seed 0 - _step__MAX,PVP 0 roberta neutral verbalizer seed 0 - test-acc-all-p,PVP 0 roberta neutral verbalizer seed 0 - test-acc-all-p__MIN,PVP 0 roberta neutral verbalizer seed 0 - test-acc-all-p__MAX,PVP 5 roberta neutral verbalizer seed 2 - _step,PVP 5 roberta neutral verbalizer seed 2 - _step__MIN,PVP 5 roberta neutral verbalizer seed 2 - _step__MAX,PVP 5 roberta neutral verbalizer seed 2 - test-acc-all-p,PVP 5 roberta neutral verbalizer seed 2 - test-acc-all-p__MIN,PVP 5 roberta neutral verbalizer seed 2 - test-acc-all-p__MAX,PVP 3 roberta neutral verbalizer seed 1 - _step,PVP 3 roberta neutral verbalizer seed 1 - _step__MIN,PVP 3 roberta neutral verbalizer seed 1 - _step__MAX,PVP 3 roberta neutral verbalizer seed 1 - test-acc-all-p,PVP 3 roberta neutral verbalizer seed 1 - test-acc-all-p__MIN,PVP 3 roberta neutral verbalizer seed 1 - test-acc-all-p__MAX,PVP 5 roberta neutral verbalizer seed 1 - _step,PVP 5 roberta neutral verbalizer seed 1 - _step__MIN,PVP 5 roberta neutral verbalizer seed 1 - _step__MAX,PVP 5 roberta neutral verbalizer seed 1 - test-acc-all-p,PVP 5 roberta neutral verbalizer seed 1 - test-acc-all-p__MIN,PVP 5 roberta neutral verbalizer seed 1 - test-acc-all-p__MAX,PVP 3 roberta neutral verbalizer seed 2 - _step,PVP 3 roberta neutral verbalizer seed 2 - _step__MIN,PVP 3 roberta neutral verbalizer seed 2 - _step__MAX,PVP 3 roberta neutral verbalizer seed 2 - test-acc-all-p,PVP 3 roberta neutral verbalizer seed 2 - test-acc-all-p__MIN,PVP 3 roberta neutral verbalizer seed 2 - test-acc-all-p__MAX,PVP 5 roberta neutral verbalizer seed 0 - _step,PVP 5 roberta neutral verbalizer seed 0 - _step__MIN,PVP 5 roberta neutral verbalizer seed 0 - _step__MAX,PVP 5 roberta neutral verbalizer seed 0 - test-acc-all-p,PVP 5 roberta neutral verbalizer seed 0 - test-acc-all-p__MIN,PVP 5 roberta neutral verbalizer seed 0 - test-acc-all-p__MAX,PVP 3 roberta neutral verbalizer seed 0 - _step,PVP 3 roberta neutral verbalizer seed 0 - _step__MIN,PVP 3 roberta neutral verbalizer seed 0 - _step__MAX,PVP 3 roberta neutral verbalizer seed 0 - test-acc-all-p,PVP 3 roberta neutral verbalizer seed 0 - test-acc-all-p__MIN,PVP 3 roberta neutral verbalizer seed 0 - test-acc-all-p__MAX,CLF roberta seed 1 - _step,CLF roberta seed 1 - _step__MIN,CLF roberta seed 1 - _step__MAX,CLF roberta seed 1 - test-acc-all-p,CLF roberta seed 1 - test-acc-all-p__MIN,CLF roberta seed 1 - test-acc-all-p__MAX,CLF roberta seed 0 - _step,CLF roberta seed 0 - _step__MIN,CLF roberta seed 0 - _step__MAX,CLF roberta seed 0 - test-acc-all-p,CLF roberta seed 0 - test-acc-all-p__MIN,CLF roberta seed 0 - test-acc-all-p__MAX
0,10,0,0,0,0.6027522935779817,0.6027522935779817,0.6027522935779817,0,0,0,0.6550458715596329,0.6550458715596329,0.6550458715596329,0,0,0,0.6217125382262997,0.6217125382262997,0.6217125382262997,0.0,0.0,0.0,0.618348623853211,0.618348623853211,0.618348623853211,0.0,0.0,0.0,0.6550458715596329,0.6550458715596329,0.6550458715596329,0.0,0.0,0.0,0.7067278287461773,0.7067278287461773,0.7067278287461773,0.0,0.0,0.0,0.7067278287461773,0.7067278287461773,0.7067278287461773,0,0,0,0.6223241590214067,0.6223241590214067,0.6223241590214067,0.0,0.0,0.0,0.6027522935779817,0.6027522935779817,0.6027522935779817,0,0,0,0.7067278287461773,0.7067278287461773,0.7067278287461773,0.0,0.0,0.0,0.6244648318042814,0.6244648318042814,0.6244648318042814,0.0,0.0,0.0,0.6550458715596329,0.6550458715596329,0.6550458715596329,0.0,0.0,0.0,0.6027522935779817,0.6027522935779817,0.6027522935779817,0.0,0.0,0.0,0.6223241590214067,0.6223241590214067,0.6223241590214067,0.0,0.0,0.0,0.6211009174311927,0.6211009174311927,0.6211009174311927,0,0,0,0.6223241590214067,0.6223241590214067,0.6223241590214067,0,0,0,0.6211009174311927,0.6211009174311927,0.6211009174311927,0.0,0.0,0.0,0.6223241590214067,0.6223241590214067,0.6223241590214067,0.0,0.0,0.0,0.6211009174311927,0.6211009174311927,0.6211009174311927,0,0,0,0.6211009174311927,0.6211009174311927,0.6211009174311927,0.0,0.0,0.0,0.6211009174311927,0.6211009174311927,0.6211009174311927
1,15,1,1,1,0.6131498470948012,0.6131498470948012,0.6131498470948012,1,1,1,0.653211009174312,0.653211009174312,0.653211009174312,1,1,1,0.6217125382262997,0.6217125382262997,0.6217125382262997,1.0,1.0,1.0,0.6388379204892967,0.6388379204892967,0.6388379204892967,1.0,1.0,1.0,0.654434250764526,0.654434250764526,0.654434250764526,1.0,1.0,1.0,0.6880733944954128,0.6880733944954128,0.6880733944954128,1.0,1.0,1.0,0.6880733944954128,0.6880733944954128,0.6880733944954128,1,1,1,0.6425076452599389,0.6425076452599389,0.6425076452599389,,,,,,,1,1,1,0.6880733944954128,0.6880733944954128,0.6880733944954128,1.0,1.0,1.0,0.6266055045871559,0.6266055045871559,0.6266055045871559,1.0,1.0,1.0,0.6535168195718655,0.6535168195718655,0.6535168195718655,1.0,1.0,1.0,0.6131498470948012,0.6131498470948012,0.6131498470948012,1.0,1.0,1.0,0.6207951070336392,0.6207951070336392,0.6207951070336392,1.0,1.0,1.0,0.617737003058104,0.617737003058104,0.617737003058104,1,1,1,0.6207951070336392,0.6207951070336392,0.6207951070336392,1,1,1,0.617737003058104,0.617737003058104,0.617737003058104,1.0,1.0,1.0,0.6207951070336392,0.6207951070336392,0.6207951070336392,1.0,1.0,1.0,0.617737003058104,0.617737003058104,0.617737003058104,1,1,1,0.6211009174311927,0.6211009174311927,0.6211009174311927,1.0,1.0,1.0,0.6211009174311927,0.6211009174311927,0.6211009174311927
2,20,2,2,2,0.5972477064220183,0.5972477064220183,0.5972477064220183,2,2,2,0.6492354740061163,0.6492354740061163,0.6492354740061163,2,2,2,0.6217125382262997,0.6217125382262997,0.6217125382262997,2.0,2.0,2.0,0.6256880733944954,0.6256880733944954,0.6256880733944954,2.0,2.0,2.0,0.653822629969419,0.653822629969419,0.653822629969419,2.0,2.0,2.0,0.7082568807339449,0.7082568807339449,0.7082568807339449,2.0,2.0,2.0,0.7082568807339449,0.7082568807339449,0.7082568807339449,2,2,2,0.6474006116207951,0.6474006116207951,0.6474006116207951,,,,,,,2,2,2,0.7082568807339449,0.7082568807339449,0.7082568807339449,2.0,2.0,2.0,0.599388379204893,0.599388379204893,0.599388379204893,,,,,,,2.0,2.0,2.0,0.5981651376146789,0.5981651376146789,0.5981651376146789,2.0,2.0,2.0,0.6217125382262997,0.6217125382262997,0.6217125382262997,2.0,2.0,2.0,0.6207951070336392,0.6207951070336392,0.6207951070336392,2,2,2,0.6207951070336392,0.6207951070336392,0.6207951070336392,2,2,2,0.6207951070336392,0.6207951070336392,0.6207951070336392,2.0,2.0,2.0,0.6207951070336392,0.6207951070336392,0.6207951070336392,2.0,2.0,2.0,0.6207951070336392,0.6207951070336392,0.6207951070336392,2,2,2,0.6211009174311927,0.6211009174311927,0.6211009174311927,2.0,2.0,2.0,0.6211009174311927,0.6211009174311927,0.6211009174311927
3,32,3,3,3,0.600611620795107,0.600611620795107,0.600611620795107,3,3,3,0.6889908256880733,0.6889908256880733,0.6889908256880733,3,3,3,0.6217125382262997,0.6217125382262997,0.6217125382262997,3.0,3.0,3.0,0.6363914373088685,0.6363914373088685,0.6363914373088685,3.0,3.0,3.0,0.6889908256880733,0.6889908256880733,0.6889908256880733,3.0,3.0,3.0,0.7009174311926606,0.7009174311926606,0.7009174311926606,3.0,3.0,3.0,0.7009174311926606,0.7009174311926606,0.7009174311926606,3,3,3,0.6409785932721712,0.6409785932721712,0.6409785932721712,1.0,1.0,1.0,0.5899082568807339,0.5899082568807339,0.5899082568807339,3,3,3,0.7009174311926606,0.7009174311926606,0.7009174311926606,3.0,3.0,3.0,0.6379204892966361,0.6379204892966361,0.6379204892966361,2.0,2.0,2.0,0.6932721712538227,0.6932721712538227,0.6932721712538227,3.0,3.0,3.0,0.5954128440366973,0.5954128440366973,0.5954128440366973,3.0,3.0,3.0,0.6051987767584098,0.6051987767584098,0.6051987767584098,3.0,3.0,3.0,0.6217125382262997,0.6217125382262997,0.6217125382262997,3,3,3,0.6168195718654435,0.6168195718654435,0.6168195718654435,3,3,3,0.6220183486238532,0.6220183486238532,0.6220183486238532,3.0,3.0,3.0,0.608868501529052,0.608868501529052,0.608868501529052,3.0,3.0,3.0,0.6195718654434251,0.6195718654434251,0.6195718654434251,3,3,3,0.6211009174311927,0.6211009174311927,0.6211009174311927,,,,,,
4,50,4,4,4,0.7103975535168195,0.7103975535168195,0.7103975535168195,4,4,4,0.6896024464831805,0.6896024464831805,0.6896024464831805,4,4,4,0.6217125382262997,0.6217125382262997,0.6217125382262997,4.0,4.0,4.0,0.710091743119266,0.710091743119266,0.710091743119266,4.0,4.0,4.0,0.6960244648318042,0.6960244648318042,0.6960244648318042,4.0,4.0,4.0,0.7027522935779816,0.7027522935779816,0.7027522935779816,,,,,,,4,4,4,0.6886850152905198,0.6886850152905198,0.6886850152905198,2.0,2.0,2.0,0.7296636085626911,0.7296636085626911,0.7296636085626911,4,4,4,0.7027522935779816,0.7027522935779816,0.7027522935779816,4.0,4.0,4.0,0.710091743119266,0.710091743119266,0.710091743119266,3.0,3.0,3.0,0.7168195718654434,0.7168195718654434,0.7168195718654434,,,,,,,4.0,4.0,4.0,0.6061162079510704,0.6061162079510704,0.6061162079510704,4.0,4.0,4.0,0.6103975535168196,0.6103975535168196,0.6103975535168196,4,4,4,0.6131498470948012,0.6131498470948012,0.6131498470948012,4,4,4,0.6116207951070336,0.6116207951070336,0.6116207951070336,4.0,4.0,4.0,0.6094801223241589,0.6094801223241589,0.6094801223241589,4.0,4.0,4.0,0.6100917431192661,0.6100917431192661,0.6100917431192661,4,4,4,0.6211009174311927,0.6211009174311927,0.6211009174311927,3.0,3.0,3.0,0.6217125382262997,0.6217125382262997,0.6217125382262997
5,70,5,5,5,0.7461773700305809,0.7461773700305809,0.7461773700305809,5,5,5,0.6837920489296636,0.6837920489296636,0.6837920489296636,5,5,5,0.6217125382262997,0.6217125382262997,0.6217125382262997,5.0,5.0,5.0,0.6981651376146789,0.6981651376146789,0.6981651376146789,5.0,5.0,5.0,0.7168195718654434,0.7168195718654434,0.7168195718654434,5.0,5.0,5.0,0.7003058103975535,0.7003058103975535,0.7003058103975535,4.0,4.0,4.0,0.7009174311926606,0.7009174311926606,0.7009174311926606,5,5,5,0.6801223241590214,0.6801223241590214,0.6801223241590214,3.0,3.0,3.0,0.7073394495412844,0.7073394495412844,0.7073394495412844,5,5,5,0.7012232415902141,0.7012232415902141,0.7012232415902141,5.0,5.0,5.0,0.6981651376146789,0.6981651376146789,0.6981651376146789,4.0,4.0,4.0,0.7140672782874617,0.7140672782874617,0.7140672782874617,4.0,4.0,4.0,0.7461773700305809,0.7461773700305809,0.7461773700305809,5.0,5.0,5.0,0.5899082568807339,0.5899082568807339,0.5899082568807339,5.0,5.0,5.0,0.5859327217125382,0.5859327217125382,0.5859327217125382,5,5,5,0.5480122324159021,0.5480122324159021,0.5480122324159021,5,5,5,0.6100917431192661,0.6100917431192661,0.6100917431192661,5.0,5.0,5.0,0.5899082568807339,0.5899082568807339,0.5899082568807339,5.0,5.0,5.0,0.501223241590214,0.501223241590214,0.501223241590214,5,5,5,0.6211009174311927,0.6211009174311927,0.6211009174311927,4.0,4.0,4.0,0.6217125382262997,0.6217125382262997,0.6217125382262997
6,100,6,6,6,0.7489296636085627,0.7489296636085627,0.7489296636085627,6,6,6,0.7302752293577982,0.7302752293577982,0.7302752293577982,6,6,6,0.6217125382262997,0.6217125382262997,0.6217125382262997,6.0,6.0,6.0,0.7519877675840979,0.7519877675840979,0.7519877675840979,6.0,6.0,6.0,0.7250764525993884,0.7250764525993884,0.7250764525993884,6.0,6.0,6.0,0.6944954128440367,0.6944954128440367,0.6944954128440367,5.0,5.0,5.0,0.6923547400611619,0.6923547400611619,0.6923547400611619,6,6,6,0.6987767584097859,0.6987767584097859,0.6987767584097859,4.0,4.0,4.0,0.7177370030581041,0.7177370030581041,0.7177370030581041,6,6,6,0.7229357798165138,0.7229357798165138,0.7229357798165138,6.0,6.0,6.0,0.7519877675840979,0.7519877675840979,0.7519877675840979,5.0,5.0,5.0,0.7287461773700306,0.7287461773700306,0.7287461773700306,5.0,5.0,5.0,0.7446483180428135,0.7446483180428135,0.7446483180428135,6.0,6.0,6.0,0.6299694189602446,0.6299694189602446,0.6299694189602446,6.0,6.0,6.0,0.5951070336391437,0.5951070336391437,0.5951070336391437,6,6,6,0.6076452599388379,0.6076452599388379,0.6076452599388379,6,6,6,0.5954128440366973,0.5954128440366973,0.5954128440366973,6.0,6.0,6.0,0.6076452599388379,0.6076452599388379,0.6076452599388379,6.0,6.0,6.0,0.6847094801223241,0.6847094801223241,0.6847094801223241,6,6,6,0.6211009174311927,0.6211009174311927,0.6211009174311927,5.0,5.0,5.0,0.6217125382262997,0.6217125382262997,0.6217125382262997
7,140,7,7,7,0.7318042813455657,0.7318042813455657,0.7318042813455657,7,7,7,0.7345565749235474,0.7345565749235474,0.7345565749235474,7,7,7,0.6217125382262997,0.6217125382262997,0.6217125382262997,7.0,7.0,7.0,0.7446483180428135,0.7446483180428135,0.7446483180428135,7.0,7.0,7.0,0.7345565749235474,0.7345565749235474,0.7345565749235474,7.0,7.0,7.0,0.7214067278287462,0.7214067278287462,0.7214067278287462,,,,,,,7,7,7,0.7229357798165138,0.7229357798165138,0.7229357798165138,5.0,5.0,5.0,0.5776758409785933,0.5776758409785933,0.5776758409785933,7,7,7,0.7290519877675841,0.7290519877675841,0.7290519877675841,7.0,7.0,7.0,0.7605504587155963,0.7605504587155963,0.7605504587155963,6.0,6.0,6.0,0.7388379204892966,0.7388379204892966,0.7388379204892966,,,,,,,7.0,7.0,7.0,0.6370030581039755,0.6370030581039755,0.6370030581039755,7.0,7.0,7.0,0.6896024464831805,0.6896024464831805,0.6896024464831805,7,7,7,0.6119266055045871,0.6119266055045871,0.6119266055045871,7,7,7,0.6896024464831805,0.6896024464831805,0.6896024464831805,7.0,7.0,7.0,0.6412844036697247,0.6412844036697247,0.6412844036697247,7.0,7.0,7.0,0.6633027522935779,0.6633027522935779,0.6633027522935779,7,7,7,0.6211009174311927,0.6211009174311927,0.6211009174311927,6.0,6.0,6.0,0.6217125382262997,0.6217125382262997,0.6217125382262997
8,200,8,8,8,0.7403669724770642,0.7403669724770642,0.7403669724770642,8,8,8,0.7290519877675841,0.7290519877675841,0.7290519877675841,8,8,8,0.6217125382262997,0.6217125382262997,0.6217125382262997,8.0,8.0,8.0,0.7195718654434251,0.7195718654434251,0.7195718654434251,8.0,8.0,8.0,0.7415902140672783,0.7415902140672783,0.7415902140672783,,,,,,,6.0,6.0,6.0,0.709480122324159,0.709480122324159,0.709480122324159,8,8,8,0.7437308868501529,0.7437308868501529,0.7437308868501529,6.0,6.0,6.0,0.7067278287461773,0.7067278287461773,0.7067278287461773,8,8,8,0.7455657492354741,0.7455657492354741,0.7455657492354741,8.0,8.0,8.0,0.7443425076452599,0.7443425076452599,0.7443425076452599,7.0,7.0,7.0,0.7128440366972477,0.7128440366972477,0.7128440366972477,6.0,6.0,6.0,0.7403669724770642,0.7403669724770642,0.7403669724770642,,,,,,,,,,,,,8,8,8,0.6831804281345566,0.6831804281345566,0.6831804281345566,8,8,8,0.7220183486238532,0.7220183486238532,0.7220183486238532,,,,,,,,,,,,,8,8,8,0.6211009174311927,0.6211009174311927,0.6211009174311927,7.0,7.0,7.0,0.6217125382262997,0.6217125382262997,0.6217125382262997
9,320,9,9,9,0.7651376146788991,0.7651376146788991,0.7651376146788991,9,9,9,0.7446483180428135,0.7446483180428135,0.7446483180428135,9,9,9,0.6217125382262997,0.6217125382262997,0.6217125382262997,9.0,9.0,9.0,0.7715596330275231,0.7715596330275231,0.7715596330275231,9.0,9.0,9.0,0.7186544342507645,0.7186544342507645,0.7186544342507645,8.0,8.0,8.0,0.7155963302752294,0.7155963302752294,0.7155963302752294,7.0,7.0,7.0,0.7516819571865443,0.7516819571865443,0.7516819571865443,9,9,9,0.7642201834862385,0.7642201834862385,0.7642201834862385,7.0,7.0,7.0,0.7489296636085627,0.7489296636085627,0.7489296636085627,9,9,9,0.7593272171253823,0.7593272171253823,0.7593272171253823,9.0,9.0,9.0,0.7715596330275231,0.7715596330275231,0.7715596330275231,8.0,8.0,8.0,0.7547400611620795,0.7547400611620795,0.7547400611620795,7.0,7.0,7.0,0.7651376146788991,0.7651376146788991,0.7651376146788991,8.0,8.0,8.0,0.7048929663608563,0.7048929663608563,0.7048929663608563,8.0,8.0,8.0,0.7379204892966361,0.7379204892966361,0.7379204892966361,9,9,9,0.6828746177370031,0.6828746177370031,0.6828746177370031,9,9,9,0.7250764525993884,0.7250764525993884,0.7250764525993884,8.0,8.0,8.0,0.6828746177370031,0.6828746177370031,0.6828746177370031,8.0,8.0,8.0,0.6758409785932722,0.6758409785932722,0.6758409785932722,9,9,9,0.6211009174311927,0.6211009174311927,0.6211009174311927,8.0,8.0,8.0,0.6217125382262997,0.6217125382262997,0.6217125382262997
10,500,10,10,10,0.7807339449541284,0.7807339449541284,0.7807339449541284,10,10,10,0.7822629969418959,0.7822629969418959,0.7822629969418959,10,10,10,0.6217125382262997,0.6217125382262997,0.6217125382262997,10.0,10.0,10.0,0.7351681957186544,0.7351681957186544,0.7351681957186544,10.0,10.0,10.0,0.7079510703363915,0.7079510703363915,0.7079510703363915,9.0,9.0,9.0,0.7412844036697248,0.7412844036697248,0.7412844036697248,,,,,,,10,10,10,0.7571865443425077,0.7571865443425077,0.7571865443425077,8.0,8.0,8.0,0.7752293577981652,0.7752293577981652,0.7752293577981652,10,10,10,0.7758409785932722,0.7758409785932722,0.7758409785932722,10.0,10.0,10.0,0.7807339449541284,0.7807339449541284,0.7807339449541284,9.0,9.0,9.0,0.7801223241590214,0.7801223241590214,0.7801223241590214,8.0,8.0,8.0,0.7807339449541284,0.7807339449541284,0.7807339449541284,9.0,9.0,9.0,0.7379204892966361,0.7379204892966361,0.7379204892966361,9.0,9.0,9.0,0.7504587155963303,0.7504587155963303,0.7504587155963303,10,10,10,0.7137614678899082,0.7137614678899082,0.7137614678899082,10,10,10,0.7504587155963303,0.7504587155963303,0.7504587155963303,9.0,9.0,9.0,0.7587155963302752,0.7587155963302752,0.7587155963302752,9.0,9.0,9.0,0.7461773700305809,0.7461773700305809,0.7461773700305809,10,10,10,0.6211009174311927,0.6211009174311927,0.6211009174311927,9.0,9.0,9.0,0.6217125382262997,0.6217125382262997,0.6217125382262997
11,700,11,11,11,0.7752293577981652,0.7752293577981652,0.7752293577981652,11,11,11,0.7758409785932722,0.7758409785932722,0.7758409785932722,11,11,11,0.6217125382262997,0.6217125382262997,0.6217125382262997,11.0,11.0,11.0,0.7351681957186544,0.7351681957186544,0.7351681957186544,11.0,11.0,11.0,0.6492354740061163,0.6492354740061163,0.6492354740061163,10.0,10.0,10.0,0.7051987767584098,0.7051987767584098,0.7051987767584098,8.0,8.0,8.0,0.7626911314984709,0.7626911314984709,0.7626911314984709,11,11,11,0.7792048929663609,0.7792048929663609,0.7792048929663609,,,,,,,11,11,11,0.7785932721712538,0.7785932721712538,0.7785932721712538,11.0,11.0,11.0,0.7819571865443425,0.7819571865443425,0.7819571865443425,10.0,10.0,10.0,0.7871559633027523,0.7871559633027523,0.7871559633027523,,,,,,,10.0,10.0,10.0,0.7342507645259939,0.7342507645259939,0.7342507645259939,10.0,10.0,10.0,0.7788990825688074,0.7788990825688074,0.7788990825688074,11,11,11,0.7749235474006116,0.7749235474006116,0.7749235474006116,11,11,11,0.7788990825688074,0.7788990825688074,0.7788990825688074,,,,,,,10.0,10.0,10.0,0.7743119266055046,0.7743119266055046,0.7743119266055046,11,11,11,0.6198776758409786,0.6198776758409786,0.6198776758409786,10.0,10.0,10.0,0.6217125382262997,0.6217125382262997,0.6217125382262997
12,1000,12,12,12,0.7978593272171254,0.7978593272171254,0.7978593272171254,12,12,12,0.8015290519877676,0.8015290519877676,0.8015290519877676,12,12,12,0.6220183486238532,0.6220183486238532,0.6220183486238532,12.0,12.0,12.0,0.7244648318042813,0.7244648318042813,0.7244648318042813,12.0,12.0,12.0,0.7269113149847095,0.7269113149847095,0.7269113149847095,11.0,11.0,11.0,0.7984709480122324,0.7984709480122324,0.7984709480122324,9.0,9.0,9.0,0.8015290519877676,0.8015290519877676,0.8015290519877676,12,12,12,0.7978593272171254,0.7978593272171254,0.7978593272171254,9.0,9.0,9.0,0.7914373088685015,0.7914373088685015,0.7914373088685015,12,12,12,0.7935779816513762,0.7935779816513762,0.7935779816513762,12.0,12.0,12.0,0.7948012232415902,0.7948012232415902,0.7948012232415902,11.0,11.0,11.0,0.7896024464831805,0.7896024464831805,0.7896024464831805,,,,,,,11.0,11.0,11.0,0.7840978593272171,0.7840978593272171,0.7840978593272171,11.0,11.0,11.0,0.791131498470948,0.791131498470948,0.791131498470948,12,12,12,0.7938837920489297,0.7938837920489297,0.7938837920489297,12,12,12,0.7801223241590214,0.7801223241590214,0.7801223241590214,10.0,10.0,10.0,0.7938837920489297,0.7938837920489297,0.7938837920489297,,,,,,,12,12,12,0.6226299694189602,0.6226299694189602,0.6226299694189602,11.0,11.0,11.0,0.6250764525993884,0.6250764525993884,0.6250764525993884
13,1400,13,13,13,0.7938837920489297,0.7938837920489297,0.7938837920489297,13,13,13,0.8171253822629969,0.8171253822629969,0.8171253822629969,13,13,13,0.7874617737003058,0.7874617737003058,0.7874617737003058,13.0,13.0,13.0,0.7785932721712538,0.7785932721712538,0.7785932721712538,13.0,13.0,13.0,0.7314984709480122,0.7314984709480122,0.7314984709480122,12.0,12.0,12.0,0.791131498470948,0.791131498470948,0.791131498470948,,,,,,,13,13,13,0.7957186544342507,0.7957186544342507,0.7957186544342507,10.0,10.0,10.0,0.8021406727828746,0.8021406727828746,0.8021406727828746,13,13,13,0.7892966360856271,0.7892966360856271,0.7892966360856271,13.0,13.0,13.0,0.7978593272171254,0.7978593272171254,0.7978593272171254,12.0,12.0,12.0,0.8064220183486238,0.8064220183486238,0.8064220183486238,9.0,9.0,9.0,0.7877675840978593,0.7877675840978593,0.7877675840978593,12.0,12.0,12.0,0.8024464831804281,0.8024464831804281,0.8024464831804281,12.0,12.0,12.0,0.7788990825688074,0.7788990825688074,0.7788990825688074,13,13,13,0.7920489296636085,0.7920489296636085,0.7920489296636085,13,13,13,0.8064220183486238,0.8064220183486238,0.8064220183486238,11.0,11.0,11.0,0.7776758409785933,0.7776758409785933,0.7776758409785933,11.0,11.0,11.0,0.7886850152905199,0.7886850152905199,0.7886850152905199,13,13,13,0.7214067278287462,0.7214067278287462,0.7214067278287462,12.0,12.0,12.0,0.6211009174311927,0.6211009174311927,0.6211009174311927
14,2000,0,0,0,0.8085626911314985,0.8085626911314985,0.8085626911314985,0,0,0,0.8214067278287461,0.8214067278287461,0.8214067278287461,14,14,14,0.8171253822629969,0.8171253822629969,0.8171253822629969,14.0,14.0,14.0,0.8140672782874617,0.8140672782874617,0.8140672782874617,14.0,14.0,14.0,0.7914373088685015,0.7914373088685015,0.7914373088685015,13.0,13.0,13.0,0.8113149847094802,0.8113149847094802,0.8113149847094802,10.0,10.0,10.0,0.8186544342507646,0.8186544342507646,0.8186544342507646,14,14,14,0.808256880733945,0.808256880733945,0.808256880733945,11.0,11.0,11.0,0.8140672782874617,0.8140672782874617,0.8140672782874617,14,14,14,0.8250764525993883,0.8250764525993883,0.8250764525993883,14.0,14.0,14.0,0.8137614678899082,0.8137614678899082,0.8137614678899082,13.0,13.0,13.0,0.7981651376146789,0.7981651376146789,0.7981651376146789,,,,,,,13.0,13.0,13.0,0.8201834862385321,0.8201834862385321,0.8201834862385321,13.0,13.0,13.0,0.8091743119266055,0.8091743119266055,0.8091743119266055,14,14,14,0.8217125382262997,0.8217125382262997,0.8217125382262997,14,14,14,0.7963302752293578,0.7963302752293578,0.7963302752293578,12.0,12.0,12.0,0.8244648318042813,0.8244648318042813,0.8244648318042813,12.0,12.0,12.0,0.8070336391437309,0.8070336391437309,0.8070336391437309,14,14,14,0.8012232415902141,0.8012232415902141,0.8012232415902141,13.0,13.0,13.0,0.6214067278287462,0.6214067278287462,0.6214067278287462
15,3200,1,1,1,0.8272171253822629,0.8272171253822629,0.8272171253822629,1,1,1,0.8385321100917431,0.8385321100917431,0.8385321100917431,15,15,15,0.8324159021406727,0.8324159021406727,0.8324159021406727,0.0,0.0,0.0,0.8241590214067278,0.8241590214067278,0.8241590214067278,0.0,0.0,0.0,0.7837920489296636,0.7837920489296636,0.7837920489296636,14.0,14.0,14.0,0.8339449541284404,0.8339449541284404,0.8339449541284404,11.0,11.0,11.0,0.8207951070336391,0.8207951070336391,0.8207951070336391,15,15,15,0.8229357798165138,0.8229357798165138,0.8229357798165138,0.0,0.0,0.0,0.7366972477064221,0.7366972477064221,0.7366972477064221,15,15,15,0.8272171253822629,0.8272171253822629,0.8272171253822629,0.0,0.0,0.0,0.8220183486238533,0.8220183486238533,0.8220183486238533,14.0,14.0,14.0,0.8363914373088684,0.8363914373088684,0.8363914373088684,,,,,,,14.0,14.0,14.0,0.8287461773700305,0.8287461773700305,0.8287461773700305,14.0,14.0,14.0,0.8226299694189603,0.8226299694189603,0.8226299694189603,15,15,15,0.8296636085626912,0.8296636085626912,0.8296636085626912,15,15,15,0.8226299694189603,0.8226299694189603,0.8226299694189603,13.0,13.0,13.0,0.8149847094801224,0.8149847094801224,0.8149847094801224,13.0,13.0,13.0,0.8174311926605504,0.8174311926605504,0.8174311926605504,15,15,15,0.8308868501529052,0.8308868501529052,0.8308868501529052,14.0,14.0,14.0,0.7822629969418959,0.7822629969418959,0.7822629969418959
16,5000,2,2,2,0.8321100917431192,0.8321100917431192,0.8321100917431192,2,2,2,0.8474006116207949,0.8474006116207949,0.8474006116207949,16,16,16,0.8336391437308869,0.8336391437308869,0.8336391437308869,1.0,1.0,1.0,0.8299694189602447,0.8299694189602447,0.8299694189602447,1.0,1.0,1.0,0.8149847094801224,0.8149847094801224,0.8149847094801224,15.0,15.0,15.0,0.8379204892966361,0.8379204892966361,0.8379204892966361,12.0,12.0,12.0,0.8354740061162079,0.8354740061162079,0.8354740061162079,16,16,16,0.8327217125382264,0.8327217125382264,0.8327217125382264,1.0,1.0,1.0,0.8027522935779816,0.8027522935779816,0.8027522935779816,16,16,16,0.8357798165137614,0.8357798165137614,0.8357798165137614,1.0,1.0,1.0,0.8333333333333334,0.8333333333333334,0.8333333333333334,0.0,0.0,0.0,0.7788990825688074,0.7788990825688074,0.7788990825688074,,,,,,,15.0,15.0,15.0,0.8489296636085627,0.8489296636085627,0.8489296636085627,15.0,15.0,15.0,0.8299694189602447,0.8299694189602447,0.8299694189602447,16,16,16,0.8431192660550458,0.8431192660550458,0.8431192660550458,16,16,16,0.8269113149847095,0.8269113149847095,0.8269113149847095,14.0,14.0,14.0,0.8477064220183487,0.8477064220183487,0.8477064220183487,14.0,14.0,14.0,0.8250764525993883,0.8250764525993883,0.8250764525993883,16,16,16,0.8385321100917431,0.8385321100917431,0.8385321100917431,,,,,,
17,7000,3,3,3,0.8412844036697248,0.8412844036697248,0.8412844036697248,3,3,3,0.8519877675840979,0.8519877675840979,0.8519877675840979,17,17,17,0.8486238532110092,0.8486238532110092,0.8486238532110092,2.0,2.0,2.0,0.8339449541284404,0.8339449541284404,0.8339449541284404,2.0,2.0,2.0,0.8474006116207949,0.8474006116207949,0.8474006116207949,16.0,16.0,16.0,0.8400611620795106,0.8400611620795106,0.8400611620795106,13.0,13.0,13.0,0.8498470948012232,0.8498470948012232,0.8498470948012232,17,17,17,0.8446483180428135,0.8446483180428135,0.8446483180428135,2.0,2.0,2.0,0.8269113149847095,0.8269113149847095,0.8269113149847095,17,17,17,0.8483180428134557,0.8483180428134557,0.8483180428134557,2.0,2.0,2.0,0.8366972477064221,0.8366972477064221,0.8366972477064221,,,,,,,,,,,,,,,,,,,16.0,16.0,16.0,0.8449541284403671,0.8449541284403671,0.8449541284403671,17,17,17,0.8467889908256879,0.8467889908256879,0.8467889908256879,17,17,17,0.8489296636085627,0.8489296636085627,0.8489296636085627,15.0,15.0,15.0,0.8477064220183487,0.8477064220183487,0.8477064220183487,15.0,15.0,15.0,0.8477064220183487,0.8477064220183487,0.8477064220183487,17,17,17,0.8455657492354741,0.8455657492354741,0.8455657492354741,15.0,15.0,15.0,0.8434250764525993,0.8434250764525993,0.8434250764525993
18,8928,4,4,4,0.8483180428134557,0.8483180428134557,0.8483180428134557,4,4,4,0.8535168195718654,0.8535168195718654,0.8535168195718654,18,18,18,0.8486238532110092,0.8486238532110092,0.8486238532110092,3.0,3.0,3.0,0.8385321100917431,0.8385321100917431,0.8385321100917431,3.0,3.0,3.0,0.8516819571865444,0.8516819571865444,0.8516819571865444,17.0,17.0,17.0,0.8556574923547401,0.8556574923547401,0.8556574923547401,14.0,14.0,14.0,0.8498470948012232,0.8498470948012232,0.8498470948012232,18,18,18,0.8467889908256879,0.8467889908256879,0.8467889908256879,3.0,3.0,3.0,0.8455657492354741,0.8455657492354741,0.8455657492354741,18,18,18,0.8529051987767584,0.8529051987767584,0.8529051987767584,3.0,3.0,3.0,0.8516819571865444,0.8516819571865444,0.8516819571865444,1.0,1.0,1.0,0.7519877675840979,0.7519877675840979,0.7519877675840979,,,,,,,16.0,16.0,16.0,0.8507645259938837,0.8507645259938837,0.8507645259938837,17.0,17.0,17.0,0.8461773700305809,0.8461773700305809,0.8461773700305809,18,18,18,0.8605504587155963,0.8605504587155963,0.8605504587155963,18,18,18,0.8446483180428135,0.8446483180428135,0.8446483180428135,16.0,16.0,16.0,0.8550458715596331,0.8550458715596331,0.8550458715596331,16.0,16.0,16.0,0.8455657492354741,0.8455657492354741,0.8455657492354741,18,18,18,0.8437308868501529,0.8437308868501529,0.8437308868501529,16.0,16.0,16.0,0.8425076452599388,0.8425076452599388,0.8425076452599388
